location_id,window_start,window_end,pm25_avg,samples
1267,2016-09-12 20:00:00,2016-09-12 20:15:00,6.3,1
137,2017-04-28 11:00:00,2017-04-28 11:15:00,11.0,1
389,2017-04-28 18:00:00,2017-04-28 18:15:00,4.3,1
598,2017-07-06 16:00:00,2017-07-06 16:15:00,9.2,1
5069,2017-08-20 18:00:00,2017-08-20 18:15:00,10.0,1
2635,2017-11-18 03:00:00,2017-11-18 03:15:00,11.0,1
520,2017-11-28 23:00:00,2017-11-28 23:15:00,8.6,1
2591,2018-02-22 03:00:00,2018-02-22 03:15:00,288.0,1
1777,2018-03-09 20:00:00,2018-03-09 20:15:00,0.8,1
5681,2018-04-25 00:00:00,2018-04-25 00:15:00,15.3,1
5731,2018-04-25 17:00:00,2018-04-25 17:15:00,20.0,1
2005,2018-05-14 19:00:00,2018-05-14 19:15:00,7.0,1
5850,2018-07-12 17:00:00,2018-07-12 17:15:00,4.0,1
5968,2018-09-10 22:00:00,2018-09-10 22:15:00,3.0,1
1351,2019-01-04 15:00:00,2019-01-04 15:15:00,19.2,1
1300,2019-03-06 18:00:00,2019-03-06 18:15:00,5.0,1
61755,2019-04-14 23:00:00,2019-04-14 23:15:00,9.662436,1
900,2019-04-18 18:00:00,2019-04-18 18:15:00,11.0,1
7085,2019-11-07 13:00:00,2019-11-07 13:15:00,4.0,1
7112,2019-11-21 19:00:00,2019-11-21 19:15:00,13.0,1
7102,2019-11-26 17:00:00,2019-11-26 17:15:00,16.0,1
7071,2019-12-04 19:00:00,2019-12-04 19:15:00,8.0,1
7208,2019-12-27 09:00:00,2019-12-27 09:15:00,23.0,1
7146,2020-01-09 16:00:00,2020-01-09 16:15:00,1.0,1
7449,2020-02-17 01:00:00,2020-02-17 01:15:00,6.1,1
7135,2020-03-19 14:00:00,2020-03-19 14:15:00,4.0,1
7583,2020-04-28 09:45:00,2020-04-28 10:00:00,17.0,1
7618,2020-05-05 23:00:00,2020-05-05 23:15:00,8.0,1
223723,2020-06-04 06:00:00,2020-06-04 06:15:00,5.05,1
1902,2020-06-10 21:00:00,2020-06-10 21:15:00,24.0,1
7804,2020-08-29 20:00:00,2020-08-29 20:15:00,0.0,1
223810,2020-09-10 09:00:00,2020-09-10 09:15:00,4.72,1
223724,2020-09-14 01:00:00,2020-09-14 01:15:00,7.35,1
5872,2020-10-21 21:00:00,2020-10-21 21:15:00,3.2,1
2615,2020-11-24 16:00:00,2020-11-24 16:15:00,0.0,1
2269,2020-11-24 18:00:00,2020-11-24 18:15:00,0.5,1
223704,2020-11-30 17:00:00,2020-11-30 17:15:00,16.24,1
223768,2020-12-01 00:00:00,2020-12-01 00:15:00,3.89,1
223771,2020-12-01 00:00:00,2020-12-01 00:15:00,4.59,1
223703,2020-12-01 00:00:00,2020-12-01 00:15:00,4.98,1
223698,2020-12-01 00:00:00,2020-12-01 00:15:00,2.04,1
223783,2020-12-01 00:00:00,2020-12-01 00:15:00,3.69,1
6255,2020-12-31 15:00:00,2020-12-31 15:15:00,37.0,1
9855,2020-12-31 16:00:00,2020-12-31 16:15:00,19.0,1
9610,2020-12-31 16:00:00,2020-12-31 16:15:00,58.0,1
7763,2020-12-31 17:00:00,2020-12-31 17:15:00,19.0036,1
7501,2021-05-10 16:00:00,2021-05-10 16:15:00,2.23,1
10230,2021-07-19 21:00:00,2021-07-19 21:15:00,46.0,1
43303,2021-08-09 11:00:00,2021-08-09 11:15:00,11.0,1
9234,2021-08-09 11:00:00,2021-08-09 11:15:00,14.0,1
43529,2021-08-09 11:00:00,2021-08-09 11:15:00,9.0,1
9316,2021-08-09 11:00:00,2021-08-09 11:15:00,35.0,1
9592,2021-08-09 11:00:00,2021-08-09 11:15:00,15.0,1
9107,2021-08-09 11:00:00,2021-08-09 11:15:00,19.0,1
9845,2021-08-09 11:00:00,2021-08-09 11:15:00,5.0,1
9709,2021-08-09 11:00:00,2021-08-09 11:15:00,7.0,1
9284,2021-08-09 11:00:00,2021-08-09 11:15:00,40.0,1
9046,2021-08-09 11:00:00,2021-08-09 11:15:00,14.0,1
9876,2021-08-09 11:00:00,2021-08-09 11:15:00,12.0,1
9197,2021-08-09 11:00:00,2021-08-09 11:15:00,13.0,1
10321,2021-08-09 11:00:00,2021-08-09 11:15:00,7.0,1
9068,2021-08-09 11:00:00,2021-08-09 11:15:00,9.0,1
9568,2021-08-09 11:00:00,2021-08-09 11:15:00,6.0,1
43504,2021-08-09 11:00:00,2021-08-09 11:15:00,20.0,1
43487,2021-08-09 11:00:00,2021-08-09 11:15:00,16.0,1
7573,2021-08-09 11:00:00,2021-08-09 11:15:00,8.0,1
43440,2021-08-09 11:00:00,2021-08-09 11:15:00,15.0,1
7700,2021-08-09 11:00:00,2021-08-09 11:15:00,4.0,1
43589,2021-08-09 11:00:00,2021-08-09 11:15:00,52.0,1
10089,2021-08-09 11:00:00,2021-08-09 11:15:00,15.0,1
9061,2021-08-09 11:00:00,2021-08-09 11:15:00,29.0,1
10349,2021-08-09 11:00:00,2021-08-09 11:15:00,46.0,1
9982,2021-08-09 11:00:00,2021-08-09 11:15:00,17.0,1
7389,2021-08-09 11:00:00,2021-08-09 11:15:00,13.0,1
43423,2021-08-09 11:00:00,2021-08-09 11:15:00,37.0,1
43405,2021-08-09 11:00:00,2021-08-09 11:15:00,5.0,1
8455,2021-08-09 11:00:00,2021-08-09 11:15:00,25.0,1
9545,2021-08-09 11:00:00,2021-08-09 11:15:00,7.0,1
10130,2021-08-09 11:00:00,2021-08-09 11:15:00,15.0,1
9718,2021-08-09 11:00:00,2021-08-09 11:15:00,10.0,1
9696,2021-08-09 11:00:00,2021-08-09 11:15:00,6.0,1
9950,2021-08-09 11:00:00,2021-08-09 11:15:00,1.0,1
9556,2021-08-09 11:00:00,2021-08-09 11:15:00,10.0,1
43311,2021-08-09 11:00:00,2021-08-09 11:15:00,63.0,1
9228,2021-08-09 11:00:00,2021-08-09 11:15:00,15.0,1
10463,2021-08-09 11:00:00,2021-08-09 11:15:00,7.0,1
43387,2021-08-09 11:00:00,2021-08-09 11:15:00,8.0,1
43565,2021-08-09 11:00:00,2021-08-09 11:15:00,44.0,1
43419,2021-08-09 11:00:00,2021-08-09 11:15:00,14.0,1
7647,2021-08-09 11:00:00,2021-08-09 11:15:00,10.0,1
9903,2021-08-09 11:00:00,2021-08-09 11:15:00,28.0,1
43308,2021-08-09 11:00:00,2021-08-09 11:15:00,6.0,1
10418,2021-08-09 11:00:00,2021-08-09 11:15:00,24.0,1
9109,2021-08-09 11:00:00,2021-08-09 11:15:00,11.0,1
9267,2021-08-09 11:00:00,2021-08-09 11:15:00,10.0,1
43639,2021-08-09 11:00:00,2021-08-09 11:15:00,22.0,1
9045,2021-08-09 11:00:00,2021-08-09 11:15:00,16.0,1
9117,2021-08-09 11:00:00,2021-08-09 11:15:00,8.0,1
43356,2021-08-09 11:00:00,2021-08-09 11:15:00,15.0,1
43641,2021-08-09 11:00:00,2021-08-09 11:15:00,16.0,1
10153,2021-08-09 11:00:00,2021-08-09 11:15:00,6.0,1
9072,2021-08-09 11:00:00,2021-08-09 11:15:00,12.0,1
7018,2021-08-09 11:00:00,2021-08-09 11:15:00,44.0,1
43293,2021-08-09 11:00:00,2021-08-09 11:15:00,18.0,1
9679,2021-08-09 11:00:00,2021-08-09 11:15:00,12.0,1
9129,2021-08-09 11:00:00,2021-08-09 11:15:00,13.0,1
43475,2021-08-09 11:00:00,2021-08-09 11:15:00,37.0,1
10036,2021-08-09 11:00:00,2021-08-09 11:15:00,3.0,1
43551,2021-08-09 11:00:00,2021-08-09 11:15:00,23.0,1
6542,2021-08-09 11:00:00,2021-08-09 11:15:00,27.0,1
10156,2021-08-09 11:00:00,2021-08-09 11:15:00,25.0,1
10204,2021-08-09 11:00:00,2021-08-09 11:15:00,27.0,1
10217,2021-08-09 11:00:00,2021-08-09 11:15:00,9.0,1
9275,2021-08-09 11:00:00,2021-08-09 11:15:00,12.0,1
9066,2021-08-09 11:00:00,2021-08-09 11:15:00,47.0,1
10171,2021-08-09 11:00:00,2021-08-09 11:15:00,34.0,1
43492,2021-08-09 11:00:00,2021-08-09 11:15:00,19.0,1
9118,2021-08-09 11:00:00,2021-08-09 11:15:00,32.0,1
43540,2021-08-09 11:00:00,2021-08-09 11:15:00,53.0,1
9972,2021-08-09 11:00:00,2021-08-09 11:15:00,53.0,1
6277,2021-08-09 11:00:00,2021-08-09 11:15:00,22.0,1
9321,2021-08-09 11:00:00,2021-08-09 11:15:00,14.0,1
9006,2021-08-09 11:00:00,2021-08-09 11:15:00,14.0,1
9002,2021-08-09 11:00:00,2021-08-09 11:15:00,9.0,1
10467,2021-08-09 11:00:00,2021-08-09 11:15:00,24.0,1
7862,2021-09-29 01:00:00,2021-09-29 01:15:00,1.0,1
2513,2021-10-01 15:00:00,2021-10-01 15:15:00,3.0,1
41388,2021-11-10 17:00:00,2021-11-10 17:15:00,4.8,1
41398,2021-11-11 17:00:00,2021-11-11 17:15:00,6.5,1
6462,2021-12-09 00:00:00,2021-12-09 00:15:00,5.3,1
26176,2022-02-09 00:00:00,2022-02-09 00:15:00,19.0444788336842,1
938279,2022-02-09 00:00:00,2022-02-09 00:15:00,16.9488480951616,1
60660,2022-07-11 05:15:00,2022-07-11 05:30:00,17.5,1
428,2022-07-26 01:00:00,2022-07-26 01:15:00,6.1,1
602,2022-09-30 04:00:00,2022-09-30 04:15:00,5.9,1
10851,2022-10-16 15:45:00,2022-10-16 16:00:00,23.3,1
12044,2022-10-16 15:45:00,2022-10-16 16:00:00,47.5,1
309803,2022-10-16 16:00:00,2022-10-16 16:15:00,20.0,1
368800,2022-10-28 02:00:00,2022-10-28 02:15:00,10.365,1
368885,2022-10-28 04:00:00,2022-10-28 04:15:00,9.551,1
10831,2022-10-31 00:45:00,2022-10-31 01:00:00,238.0,1
6964,2022-10-31 01:45:00,2022-10-31 02:00:00,115.58,1
358456,2022-10-31 01:45:00,2022-10-31 02:00:00,86.11,1
7282,2022-10-31 01:45:00,2022-10-31 02:00:00,154.81,1
6965,2022-10-31 02:00:00,2022-10-31 02:15:00,57.0,1
227387,2022-10-31 02:00:00,2022-10-31 02:15:00,107.6,1
911,2022-11-22 23:00:00,2022-11-22 23:15:00,0.2,1
411408,2022-12-18 12:00:00,2022-12-18 12:15:00,18.053,1
235239,2023-01-26 20:00:00,2023-01-26 20:15:00,1.0,1
5277,2023-02-16 00:00:00,2023-02-16 00:15:00,7.0,1
5222,2023-04-05 20:00:00,2023-04-05 20:15:00,26.0,1
368982,2023-04-27 08:00:00,2023-04-27 08:15:00,11.761,1
225658,2023-06-13 00:00:00,2023-06-13 00:15:00,9.7,1
368929,2023-06-22 06:00:00,2023-06-22 06:15:00,0.012,1
2020,2023-06-30 13:00:00,2023-06-30 13:15:00,4.0,1
8729,2023-07-12 20:00:00,2023-07-12 20:15:00,16.0,1
1066107,2023-07-27 14:00:00,2023-07-27 14:15:00,11.7,1
368808,2023-09-23 12:00:00,2023-09-23 12:15:00,14.0,1
5333,2023-09-23 12:00:00,2023-09-23 12:15:00,24.7,1
5786,2023-09-23 12:00:00,2023-09-23 12:15:00,16.0,1
5802,2023-09-23 12:00:00,2023-09-23 12:15:00,27.3,1
5781,2023-09-23 12:00:00,2023-09-23 12:15:00,6.6,1
368804,2023-09-23 12:00:00,2023-09-23 12:15:00,15.0,1
5379,2023-09-23 12:00:00,2023-09-23 12:15:00,86.6,1
3517,2023-09-23 12:00:00,2023-09-23 12:15:00,11.0,1
5779,2023-09-23 12:00:00,2023-09-23 12:15:00,23.2,1
368842,2023-09-23 12:00:00,2023-09-23 12:15:00,21.1,1
5788,2023-09-23 12:00:00,2023-09-23 12:15:00,12.5,1
5780,2023-09-23 12:00:00,2023-09-23 12:15:00,10.0,1
5813,2023-09-23 12:00:00,2023-09-23 12:15:00,0.4,1
368926,2023-10-11 10:00:00,2023-10-11 10:15:00,29.65,1
368834,2023-10-11 10:00:00,2023-10-11 10:15:00,5.989,1
3548,2023-10-11 10:00:00,2023-10-11 10:15:00,6.279,1
368851,2023-10-11 10:00:00,2023-10-11 10:15:00,22.168,1
1785693,2023-11-23 06:00:00,2023-11-23 06:15:00,13.6,1
1939486,2023-12-09 17:00:00,2023-12-09 17:15:00,0.0,1
447564,2023-12-20 08:00:00,2023-12-20 08:15:00,8.01206,1
3937,2024-01-12 10:00:00,2024-01-12 10:15:00,17.1,1
2732,2024-01-15 12:00:00,2024-01-15 12:15:00,27.0,1
8444,2024-01-29 17:00:00,2024-01-29 17:15:00,11.6,1
4509,2024-01-29 18:00:00,2024-01-29 18:15:00,23.70000076,1
2920,2024-01-29 19:00:00,2024-01-29 19:15:00,9.0,1
5216,2024-01-29 19:00:00,2024-01-29 19:15:00,23.327,1
5195,2024-01-29 19:00:00,2024-01-29 19:15:00,12.225,1
4920,2024-01-29 20:00:00,2024-01-29 20:15:00,9.75,1
9361,2024-01-29 20:00:00,2024-01-29 20:15:00,9.67868954,1
225817,2024-02-02 12:00:00,2024-02-02 12:15:00,17.609,1
3422,2024-03-04 10:00:00,2024-03-04 10:15:00,6.07340002,1
230803,2024-03-08 06:00:00,2024-03-08 06:15:00,0.486,1
921044,2024-03-10 18:30:00,2024-03-10 18:45:00,11.13,1
8782,2024-03-11 12:00:00,2024-03-11 12:15:00,5.1,1
1785689,2024-03-12 10:00:00,2024-03-12 10:15:00,10.418,1
226310,2024-03-12 10:00:00,2024-03-12 10:15:00,5.946,1
225400,2024-03-12 11:00:00,2024-03-12 11:15:00,0.204,1
2599501,2024-03-15 17:00:00,2024-03-15 17:15:00,7.0,1
2578981,2024-03-15 20:00:00,2024-03-15 20:15:00,45.3,1
2604830,2024-03-16 04:00:00,2024-03-16 04:15:00,33.0,1
2608457,2024-03-29 09:00:00,2024-03-29 09:15:00,24.06944465637207,1
2622926,2024-04-11 16:00:00,2024-04-11 16:15:00,18.0,1
2623412,2024-04-12 22:00:00,2024-04-12 22:15:00,24.0,1
2623765,2024-04-12 22:00:00,2024-04-12 22:15:00,30.0,1
2623393,2024-04-12 22:00:00,2024-04-12 22:15:00,13.0,1
2622673,2024-04-12 22:00:00,2024-04-12 22:15:00,21.0,1
2622941,2024-04-12 22:00:00,2024-04-12 22:15:00,23.0,1
2623697,2024-04-12 22:00:00,2024-04-12 22:15:00,29.0,1
2623591,2024-04-12 22:00:00,2024-04-12 22:15:00,26.0,1
2622840,2024-04-23 00:00:00,2024-04-23 00:15:00,84.0,1
270778,2024-04-23 15:00:00,2024-04-23 15:15:00,44.0,1
2578985,2024-06-13 14:15:00,2024-06-13 14:30:00,13.6,1
6893,2024-06-13 20:00:00,2024-06-13 20:15:00,11.6,1
2623638,2024-06-17 21:00:00,2024-06-17 21:15:00,18.0,1
2884396,2024-06-19 23:00:00,2024-06-19 23:15:00,9.6,1
225832,2024-06-20 13:00:00,2024-06-20 13:15:00,10.0,1
10801,2024-07-03 04:00:00,2024-07-03 04:15:00,0.2702,1
2876864,2024-07-11 14:00:00,2024-07-11 14:15:00,12.0,1
2623335,2024-07-11 14:00:00,2024-07-11 14:15:00,14.0,1
2623190,2024-07-11 14:00:00,2024-07-11 14:15:00,19.0,1
9497,2024-07-11 15:00:00,2024-07-11 15:15:00,5.0,1
2623742,2024-07-11 16:00:00,2024-07-11 16:15:00,10.0,1
2623108,2024-07-11 16:00:00,2024-07-11 16:15:00,30.0,1
2623172,2024-07-11 16:00:00,2024-07-11 16:15:00,13.0,1
2622745,2024-07-11 16:00:00,2024-07-11 16:15:00,25.0,1
2884395,2024-07-11 16:00:00,2024-07-11 16:15:00,7.5,1
2623759,2024-07-11 16:00:00,2024-07-11 16:15:00,8.0,1
2622572,2024-07-11 16:00:00,2024-07-11 16:15:00,9.0,1
2622712,2024-07-11 16:00:00,2024-07-11 16:15:00,28.0,1
2623140,2024-07-11 16:00:00,2024-07-11 16:15:00,12.0,1
2960311,2024-07-18 15:00:00,2024-07-18 15:15:00,48.93381118774414,1
2960311,2024-07-19 05:00:00,2024-07-19 05:15:00,7.08690470457077,1
2953756,2024-07-21 20:00:00,2024-07-21 20:15:00,15.872727220708674,1
2975591,2024-07-23 19:00:00,2024-07-23 19:15:00,0.02500000037252903,1
2891222,2024-07-25 22:00:00,2024-07-25 22:15:00,10.09,1
2988210,2024-07-29 03:00:00,2024-07-29 03:15:00,1.0,1
2962,2024-07-30 10:00:00,2024-07-30 10:15:00,6.88,1
4693,2024-07-30 11:00:00,2024-07-30 11:15:00,2.61,1
3579,2024-07-30 11:00:00,2024-07-30 11:15:00,3.53,1
4697,2024-07-30 11:00:00,2024-07-30 11:15:00,4.34,1
4775,2024-07-30 11:00:00,2024-07-30 11:15:00,3.06,1
2999471,2024-07-31 18:00:00,2024-07-31 18:15:00,46.400001525878906,1
2995907,2024-08-01 15:00:00,2024-08-01 15:15:00,1.8958333432674408,1
3012373,2024-08-12 01:00:00,2024-08-12 01:15:00,2.0,1
2976721,2024-08-23 06:00:00,2024-08-23 06:15:00,5.92083340883255,1
2884393,2024-08-29 18:00:00,2024-08-29 18:15:00,3.5,1
326060,2024-09-08 15:00:00,2024-09-08 15:15:00,13.0,1
2622985,2024-09-14 03:00:00,2024-09-14 03:15:00,6.0,1
2993582,2024-09-27 15:00:00,2024-09-27 15:15:00,23.53958336512248,1
2821629,2024-10-01 07:00:00,2024-10-01 07:15:00,9.317301511764526,1
981,2024-10-01 15:00:00,2024-10-01 15:15:00,4.9,1
1374750,2024-10-02 13:00:00,2024-10-02 13:15:00,5.270000020662944,1
2960646,2024-10-04 12:00:00,2024-10-04 12:15:00,14.25,1
2577003,2024-10-06 12:00:00,2024-10-06 12:15:00,2.269387756075178,1
2873096,2024-10-07 14:15:00,2024-10-07 14:30:00,0.0,1
2970371,2024-10-09 22:00:00,2024-10-09 22:15:00,11.5,1
2667330,2024-10-17 16:00:00,2024-10-17 16:15:00,0.9,1
2889803,2024-10-18 14:00:00,2024-10-18 14:15:00,5.08,1
2822929,2024-10-30 01:00:00,2024-10-30 01:15:00,2.1,1
2960633,2024-11-10 07:45:00,2024-11-10 08:00:00,0.0,1
2603530,2024-11-12 03:00:00,2024-11-12 03:15:00,2.306249996026357,1
3007557,2024-11-19 13:00:00,2024-11-19 13:15:00,3.4,1
2992887,2024-11-21 12:45:00,2024-11-21 13:00:00,13.75,1
2897761,2024-11-23 00:00:00,2024-11-23 00:15:00,0.06666666766007741,1
2877975,2024-11-30 01:00:00,2024-11-30 01:15:00,6.054166595141093,1
2146563,2024-12-09 12:00:00,2024-12-09 12:15:00,6.0,1
2983073,2024-12-10 07:00:00,2024-12-10 07:15:00,0.030666666105389595,1
2578982,2024-12-19 15:00:00,2024-12-19 15:15:00,12.6,1
8667,2024-12-20 14:00:00,2024-12-20 14:15:00,2.9,1
2993585,2025-01-02 14:00:00,2025-01-02 14:15:00,9.585958321889242,1
10819,2025-01-05 08:00:00,2025-01-05 08:15:00,3.3,1
2956512,2025-01-05 19:45:00,2025-01-05 20:00:00,8.0,1
2954096,2025-01-08 11:45:00,2025-01-08 12:00:00,6.3,1
2578986,2025-01-08 12:00:00,2025-01-08 12:15:00,15.7,1
2578968,2025-01-08 12:00:00,2025-01-08 12:15:00,28.2,1
2895188,2025-01-08 12:00:00,2025-01-08 12:15:00,8.8,1
2578980,2025-01-08 12:00:00,2025-01-08 12:15:00,6.8,1
2578984,2025-01-08 12:00:00,2025-01-08 12:15:00,7.5,1
2578964,2025-01-08 12:00:00,2025-01-08 12:15:00,9.2,1
2578979,2025-01-08 12:00:00,2025-01-08 12:15:00,10.6,1
2578967,2025-01-08 12:00:00,2025-01-08 12:15:00,6.1,1
2578976,2025-01-08 12:00:00,2025-01-08 12:15:00,7.0,1
2876866,2025-01-08 12:00:00,2025-01-08 12:15:00,16.0,1
2578983,2025-01-08 12:00:00,2025-01-08 12:15:00,8.1,1
2578987,2025-01-08 12:00:00,2025-01-08 12:15:00,6.1,1
2578971,2025-01-08 12:00:00,2025-01-08 12:15:00,4.4,1
2578969,2025-01-08 12:00:00,2025-01-08 12:15:00,14.1,1
2578970,2025-01-08 12:00:00,2025-01-08 12:15:00,14.6,1
2578975,2025-01-08 12:00:00,2025-01-08 12:15:00,6.5,1
2578966,2025-01-08 12:00:00,2025-01-08 12:15:00,0.0,1
2578963,2025-01-08 12:00:00,2025-01-08 12:15:00,17.4,1
2578965,2025-01-08 12:00:00,2025-01-08 12:15:00,7.7,1
304222,2025-01-08 17:00:00,2025-01-08 17:15:00,2.82,1
2892210,2025-01-08 17:00:00,2025-01-08 17:15:00,3.86,1
10676,2025-01-08 17:00:00,2025-01-08 17:15:00,8.97,1
2977814,2025-01-08 17:15:00,2025-01-08 17:30:00,27.01,1
2953982,2025-01-13 23:00:00,2025-01-13 23:15:00,0.0,1
2896758,2025-01-22 15:15:00,2025-01-22 15:30:00,18.65,1
2994635,2025-02-13 21:00:00,2025-02-13 21:15:00,0.5782916694879532,1
2956818,2025-02-13 21:00:00,2025-02-13 21:15:00,4.438749988873799,1
3003472,2025-02-21 22:00:00,2025-02-21 22:15:00,0.35808333692451316,1
2894237,2025-02-24 07:00:00,2025-02-24 07:15:00,4.25898806254069,1
2877118,2025-02-27 22:45:00,2025-02-27 23:00:00,2.94,1
8893,2025-03-04 12:00:00,2025-03-04 12:15:00,77.0,1
2941876,2025-03-07 16:45:00,2025-03-07 17:00:00,4.77,1
10714,2025-03-14 21:00:00,2025-03-14 21:15:00,30.393,1
2871295,2025-03-16 14:00:00,2025-03-16 14:15:00,8.870833198229471,1
368400,2025-03-19 21:00:00,2025-03-19 21:15:00,29.3,1
6944,2025-03-28 06:15:00,2025-03-28 06:30:00,0.0,1
2979269,2025-03-30 02:00:00,2025-03-30 02:15:00,0.0,1
3000683,2025-03-31 04:00:00,2025-03-31 04:15:00,1.2471666634082794,1
2827390,2025-04-02 05:00:00,2025-04-02 05:15:00,52.916666666666664,1
2999203,2025-04-05 01:45:00,2025-04-05 02:00:00,5.3,1
480397,2025-04-10 14:00:00,2025-04-10 14:15:00,29.9700267,1
2884565,2025-04-11 16:00:00,2025-04-11 16:15:00,16.612337719310414,1
2960635,2025-04-15 01:30:00,2025-04-15 01:45:00,30.35,1
2999204,2025-04-15 16:00:00,2025-04-15 16:15:00,10.33,1
3001486,2025-05-04 21:00:00,2025-05-04 21:15:00,1.5570833285649617,1
2960642,2025-05-13 04:15:00,2025-05-13 04:30:00,16.42,1
2960623,2025-05-13 11:00:00,2025-05-13 11:15:00,12.44,1
2977853,2025-05-31 12:00:00,2025-05-31 12:15:00,12.915083249409994,1
2960671,2025-06-04 03:45:00,2025-06-04 04:00:00,9.51,1
2961297,2025-06-12 13:00:00,2025-06-12 13:15:00,3.071727232499556,1
2896754,2025-06-13 04:15:00,2025-06-13 04:30:00,9.23,1
2960627,2025-06-19 00:00:00,2025-06-19 00:15:00,8.83,1
2960637,2025-06-19 00:00:00,2025-06-19 00:15:00,9.8,1
3431596,2025-06-21 01:00:00,2025-06-21 01:15:00,18.355090748180043,1
2881925,2025-06-23 20:00:00,2025-06-23 20:15:00,1.3310909162868152,1
2960654,2025-06-24 11:45:00,2025-06-24 12:00:00,7.89,1
2960655,2025-06-24 11:45:00,2025-06-24 12:00:00,9.26,1
2960631,2025-06-25 09:30:00,2025-06-25 09:45:00,12.34,1
2960657,2025-06-25 15:45:00,2025-06-25 16:00:00,35.9,1
2967069,2025-07-08 02:00:00,2025-07-08 02:15:00,0.6225000023841858,1
3423890,2025-07-08 17:00:00,2025-07-08 17:15:00,23.0,1
2959755,2025-07-09 23:00:00,2025-07-09 23:15:00,4.0,1
2960620,2025-07-11 12:30:00,2025-07-11 12:45:00,12.2,1
2960622,2025-07-11 12:30:00,2025-07-11 12:45:00,13.18,1
3439881,2025-07-11 16:00:00,2025-07-11 16:15:00,5.738666693369548,1
3430567,2025-07-17 22:00:00,2025-07-17 22:15:00,3.6794583797454834,1
3010310,2025-07-19 18:00:00,2025-07-19 18:15:00,16.170000076293945,1
2623729,2025-07-30 00:00:00,2025-07-30 00:15:00,7.0,1
2622897,2025-07-30 00:00:00,2025-07-30 00:15:00,16.0,1
2623383,2025-07-30 00:00:00,2025-07-30 00:15:00,16.0,1
3420999,2025-08-06 15:00:00,2025-08-06 15:15:00,37.268472035725914,1
2979495,2025-08-08 15:15:00,2025-08-08 15:30:00,91.9,1
1772963,2025-08-09 14:00:00,2025-08-09 14:15:00,9.0,1
2868408,2025-08-11 22:00:00,2025-08-11 22:15:00,20.536428451538086,1
12043,2025-08-29 02:00:00,2025-08-29 02:15:00,985.0,1
6967,2025-08-29 13:00:00,2025-08-29 13:15:00,22.0,1
358665,2025-08-30 07:45:00,2025-08-30 08:00:00,4.06,1
3431594,2025-09-01 18:00:00,2025-09-01 18:15:00,2.0228333473205566,1
2913749,2025-09-02 13:45:00,2025-09-02 14:00:00,5.11,1
2877112,2025-09-03 04:00:00,2025-09-03 04:15:00,5.24,1
2877113,2025-09-03 04:30:00,2025-09-03 04:45:00,4.83,1
358699,2025-09-03 06:00:00,2025-09-03 06:15:00,13.05,1
358457,2025-09-03 07:00:00,2025-09-03 07:15:00,40.0,1
2914675,2025-09-03 17:00:00,2025-09-03 17:15:00,488.8988342285156,1
3409342,2025-09-07 01:45:00,2025-09-07 02:00:00,0.0,1
2950666,2025-09-09 11:15:00,2025-09-09 11:30:00,3.36,1
3409516,2025-09-11 02:15:00,2025-09-11 02:30:00,19.0,1
3409434,2025-09-11 07:15:00,2025-09-11 07:30:00,16.03,1
2995837,2025-09-12 13:00:00,2025-09-12 13:15:00,7.2,1
8413,2025-09-12 13:00:00,2025-09-12 13:15:00,6.3,1
2875321,2025-09-12 20:00:00,2025-09-12 20:15:00,40.45892826716105,1
225758,2025-09-14 00:00:00,2025-09-14 00:15:00,2.5,1
1542,2025-09-15 01:00:00,2025-09-15 01:15:00,3.5,1
367405,2025-09-15 01:00:00,2025-09-15 01:15:00,7.0,1
228437,2025-09-15 01:00:00,2025-09-15 01:15:00,10.0,1
2891221,2025-09-15 01:00:00,2025-09-15 01:15:00,4.0,1
1329,2025-09-15 01:00:00,2025-09-15 01:15:00,11.0,1
3336,2025-09-15 02:00:00,2025-09-15 02:15:00,13.0,1
3332,2025-09-15 02:00:00,2025-09-15 02:15:00,11.0,1
3235,2025-09-15 02:00:00,2025-09-15 02:15:00,8.0,1
3346,2025-09-15 02:00:00,2025-09-15 02:15:00,5.0,1
3166424,2025-09-15 02:00:00,2025-09-15 02:15:00,6.0,1
3351,2025-09-15 02:00:00,2025-09-15 02:15:00,7.0,1
3226,2025-09-15 02:00:00,2025-09-15 02:15:00,16.0,1
7289,2025-09-15 07:00:00,2025-09-15 07:15:00,5.64,1
2995864,2025-09-15 07:00:00,2025-09-15 07:15:00,1.42,1
2995865,2025-09-15 11:00:00,2025-09-15 11:15:00,8.9,1
3408765,2025-09-15 11:00:00,2025-09-15 11:15:00,154.66749572753906,1
2979626,2025-09-15 13:00:00,2025-09-15 13:15:00,0.0,1
5546,2025-09-15 18:00:00,2025-09-15 18:15:00,0.0,1
3987,2025-09-15 18:00:00,2025-09-15 18:15:00,2.9,1
3409437,2025-09-15 20:45:00,2025-09-15 21:00:00,19.2,1
2995838,2025-09-15 21:00:00,2025-09-15 21:15:00,0.520503,1
73,2025-09-15 21:00:00,2025-09-15 21:15:00,44.0,1
356092,2025-09-15 21:00:00,2025-09-15 21:15:00,1.5,1
2995861,2025-09-15 21:00:00,2025-09-15 21:15:00,4.3,1
3670,2025-09-15 21:00:00,2025-09-15 21:15:00,7.0,1
2422,2025-09-15 21:00:00,2025-09-15 21:15:00,23.0,1
3409463,2025-09-15 21:15:00,2025-09-15 21:30:00,12.36,1
3409487,2025-09-15 21:45:00,2025-09-15 22:00:00,24.24,1
3972,2025-09-15 22:00:00,2025-09-15 22:15:00,2.3,1
2995862,2025-09-15 22:00:00,2025-09-15 22:15:00,1.81,1
2995860,2025-09-15 22:00:00,2025-09-15 22:15:00,3.4,1
270726,2025-09-15 22:00:00,2025-09-15 22:15:00,7.0,1
4066,2025-09-15 22:00:00,2025-09-15 22:15:00,3.6,1
2162745,2025-09-15 22:00:00,2025-09-15 22:15:00,4.2,1
8051,2025-09-15 22:00:00,2025-09-15 22:15:00,10.0,1
3624,2025-09-15 22:00:00,2025-09-15 22:15:00,1.9,1
220265,2025-09-15 22:00:00,2025-09-15 22:15:00,21.3,1
3650,2025-09-15 22:00:00,2025-09-15 22:15:00,2.3,1
229987,2025-09-15 22:00:00,2025-09-15 22:15:00,22.0,1
2995863,2025-09-15 22:00:00,2025-09-15 22:15:00,3.14,1
2995866,2025-09-15 22:00:00,2025-09-15 22:15:00,2.57,1
3409502,2025-09-15 22:00:00,2025-09-15 22:15:00,15.0,1
3639,2025-09-15 22:00:00,2025-09-15 22:15:00,6.4,1
270,2025-09-15 22:00:00,2025-09-15 22:15:00,35.0,1
3409364,2025-09-15 22:00:00,2025-09-15 22:15:00,13.27,1
2162755,2025-09-15 22:00:00,2025-09-15 22:15:00,9.6,1
3409354,2025-09-15 22:00:00,2025-09-15 22:15:00,21.0,1
4594,2025-09-15 22:00:00,2025-09-15 22:15:00,2.09,1
2676,2025-09-15 22:00:00,2025-09-15 22:15:00,2.7,1
2995911,2025-09-15 22:00:00,2025-09-15 22:15:00,4.6,1
270724,2025-09-15 22:00:00,2025-09-15 22:15:00,25.0,1
2422,2025-09-15 22:00:00,2025-09-15 22:15:00,23.0,1
73,2025-09-15 22:00:00,2025-09-15 22:15:00,45.0,1
3799,2025-09-15 22:00:00,2025-09-15 22:15:00,1.8,1
2545,2025-09-15 22:00:00,2025-09-15 22:15:00,2.0,1
4092,2025-09-15 22:00:00,2025-09-15 22:15:00,3.3,1
10915,2025-09-15 22:00:00,2025-09-15 22:15:00,15.28,1
3409438,2025-09-15 22:00:00,2025-09-15 22:15:00,5.76,1
227384,2025-09-15 22:15:00,2025-09-15 22:30:00,15.6,1
6965,2025-09-15 22:15:00,2025-09-15 22:30:00,17.0,1
5623,2025-09-15 22:15:00,2025-09-15 22:30:00,0.0,1
346257,2025-09-15 22:15:00,2025-09-15 22:30:00,26.38,1
3409409,2025-09-15 22:15:00,2025-09-15 22:30:00,23.45,1
10747,2025-09-15 22:15:00,2025-09-15 22:30:00,34.1,1
223146,2025-09-15 22:15:00,2025-09-15 22:30:00,11.89,1
3409524,2025-09-15 22:15:00,2025-09-15 22:30:00,12.73,1
3409529,2025-09-15 22:15:00,2025-09-15 22:30:00,14.26,1
5647,2025-09-15 22:15:00,2025-09-15 22:30:00,17.0,1
3409415,2025-09-15 22:15:00,2025-09-15 22:30:00,0.0,1
3409530,2025-09-15 22:15:00,2025-09-15 22:30:00,0.69,1
270697,2025-09-15 22:15:00,2025-09-15 22:30:00,71.55,1
3409365,2025-09-15 22:15:00,2025-09-15 22:30:00,15.14,1
2995911,2025-09-15 23:00:00,2025-09-15 23:15:00,4.4,1
2995858,2025-09-15 23:00:00,2025-09-15 23:15:00,3.562927,1
4732,2025-09-15 23:00:00,2025-09-15 23:15:00,4.08225,1
3083,2025-09-15 23:00:00,2025-09-15 23:15:00,3.26,1
3650,2025-09-15 23:00:00,2025-09-15 23:15:00,1.8,1
2876224,2025-09-15 23:00:00,2025-09-15 23:15:00,3.0,1
2054810,2025-09-15 23:00:00,2025-09-15 23:15:00,2.5,1
2949,2025-09-15 23:00:00,2025-09-15 23:15:00,4.864,1
5531,2025-09-15 23:00:00,2025-09-15 23:15:00,4.1,1
3972,2025-09-15 23:00:00,2025-09-15 23:15:00,1.0,1
4182,2025-09-15 23:00:00,2025-09-15 23:15:00,9.36,1
4588,2025-09-15 23:00:00,2025-09-15 23:15:00,5.127332,1
8541,2025-09-15 23:00:00,2025-09-15 23:15:00,8.0,1
4746,2025-09-15 23:00:00,2025-09-15 23:15:00,4.268,1
4707,2025-09-15 23:00:00,2025-09-15 23:15:00,3.49902,1
4583,2025-09-15 23:00:00,2025-09-15 23:15:00,2.0,1
7987,2025-09-15 23:00:00,2025-09-15 23:15:00,24.0,1
1214538,2025-09-15 23:00:00,2025-09-15 23:15:00,8.0,1
302032,2025-09-15 23:00:00,2025-09-15 23:15:00,7.7712,1
2954722,2025-09-15 23:00:00,2025-09-15 23:15:00,4.0,1
3065,2025-09-15 23:00:00,2025-09-15 23:15:00,4.0,1
2162745,2025-09-15 23:00:00,2025-09-15 23:15:00,5.0,1
3799,2025-09-15 23:00:00,2025-09-15 23:15:00,1.5,1
2839,2025-09-15 23:00:00,2025-09-15 23:15:00,3.69708,1
2876225,2025-09-15 23:00:00,2025-09-15 23:15:00,3.2,1
3156,2025-09-15 23:00:00,2025-09-15 23:15:00,3.261,1
4092,2025-09-15 23:00:00,2025-09-15 23:15:00,3.2,1
2907568,2025-09-15 23:00:00,2025-09-15 23:15:00,9.0,1
4470,2025-09-15 23:00:00,2025-09-15 23:15:00,5.0,1
3624,2025-09-15 23:00:00,2025-09-15 23:15:00,2.8,1
3122,2025-09-15 23:00:00,2025-09-15 23:15:00,5.23,1
3047,2025-09-15 23:00:00,2025-09-15 23:15:00,2.494,1
2162755,2025-09-15 23:00:00,2025-09-15 23:15:00,11.1,1
2995860,2025-09-15 23:00:00,2025-09-15 23:15:00,4.1,1
4066,2025-09-15 23:00:00,2025-09-15 23:15:00,4.5,1
3096,2025-09-15 23:00:00,2025-09-15 23:15:00,6.0,1
4683,2025-09-15 23:00:00,2025-09-15 23:15:00,4.298649,1
10808,2025-09-15 23:00:00,2025-09-15 23:15:00,5.995883,1
461706,2025-09-15 23:00:00,2025-09-15 23:15:00,4.8,1
2893,2025-09-15 23:00:00,2025-09-15 23:15:00,1.277775,1
4741,2025-09-15 23:00:00,2025-09-15 23:15:00,3.759316,1
4785,2025-09-15 23:00:00,2025-09-15 23:15:00,3.170199,1
9642,2025-09-15 23:00:00,2025-09-15 23:15:00,11.0,1
2894935,2025-09-15 23:00:00,2025-09-15 23:15:00,10.0,1
7716,2025-09-15 23:00:00,2025-09-15 23:15:00,5.0,1
97,2025-09-15 23:00:00,2025-09-15 23:15:00,2.8,1
4204,2025-09-15 23:00:00,2025-09-15 23:15:00,7.28,1
494941,2025-09-15 23:00:00,2025-09-15 23:15:00,4.52532,1
2676,2025-09-15 23:00:00,2025-09-15 23:15:00,2.8,1
2995839,2025-09-15 23:00:00,2025-09-15 23:15:00,5.715091,1
4358,2025-09-15 23:00:00,2025-09-15 23:15:00,2.07225,1
355295,2025-09-15 23:00:00,2025-09-15 23:15:00,2.813,1
2978379,2025-09-15 23:00:00,2025-09-15 23:15:00,14.0,1
2996564,2025-09-15 23:30:00,2025-09-15 23:45:00,9.8,1
2889296,2025-09-15 23:45:00,2025-09-16 00:00:00,1.87,1
2896764,2025-09-15 23:45:00,2025-09-16 00:00:00,2.27,1
2960663,2025-09-15 23:45:00,2025-09-16 00:00:00,12.5,1
2960660,2025-09-15 23:45:00,2025-09-16 00:00:00,9.59,1
2960626,2025-09-15 23:45:00,2025-09-16 00:00:00,14.82,1
2896766,2025-09-15 23:45:00,2025-09-16 00:00:00,2.79,1
2905539,2025-09-15 23:45:00,2025-09-16 00:00:00,3.39,1
2904084,2025-09-15 23:45:00,2025-09-16 00:00:00,5.6,1
2917797,2025-09-15 23:45:00,2025-09-16 00:00:00,4.25,1
2896761,2025-09-15 23:45:00,2025-09-16 00:00:00,2.75,1
2896750,2025-09-15 23:45:00,2025-09-16 00:00:00,2.02,1
2960665,2025-09-15 23:45:00,2025-09-16 00:00:00,13.19,1
2960649,2025-09-15 23:45:00,2025-09-16 00:00:00,6.97,1
2960628,2025-09-15 23:45:00,2025-09-16 00:00:00,16.11,1
2960640,2025-09-15 23:45:00,2025-09-16 00:00:00,8.95,1
2960659,2025-09-15 23:45:00,2025-09-16 00:00:00,9.9,1
2960650,2025-09-15 23:45:00,2025-09-16 00:00:00,11.76,1
2960634,2025-09-15 23:45:00,2025-09-16 00:00:00,8.93,1
2960648,2025-09-15 23:45:00,2025-09-16 00:00:00,14.09,1
2877117,2025-09-15 23:45:00,2025-09-16 00:00:00,9.35,1
2877115,2025-09-15 23:45:00,2025-09-16 00:00:00,8.97,1
2960630,2025-09-15 23:45:00,2025-09-16 00:00:00,11.0,1
2906641,2025-09-15 23:45:00,2025-09-16 00:00:00,5.13,1
2960625,2025-09-15 23:45:00,2025-09-16 00:00:00,10.66,1
2896752,2025-09-15 23:45:00,2025-09-16 00:00:00,1.17,1
2896771,2025-09-15 23:45:00,2025-09-16 00:00:00,3.0,1
2896763,2025-09-15 23:45:00,2025-09-16 00:00:00,2.7,1
2960632,2025-09-15 23:45:00,2025-09-16 00:00:00,11.52,1
2960619,2025-09-15 23:45:00,2025-09-16 00:00:00,8.49,1
2896749,2025-09-15 23:45:00,2025-09-16 00:00:00,2.19,1
2913592,2025-09-15 23:45:00,2025-09-16 00:00:00,8.96,1
2960639,2025-09-15 23:45:00,2025-09-16 00:00:00,13.73,1
2960656,2025-09-15 23:45:00,2025-09-16 00:00:00,10.46,1
2896772,2025-09-15 23:45:00,2025-09-16 00:00:00,1.42,1
2996566,2025-09-15 23:45:00,2025-09-16 00:00:00,8.8,1
2877116,2025-09-15 23:45:00,2025-09-16 00:00:00,10.34,1
2896751,2025-09-15 23:45:00,2025-09-16 00:00:00,3.5,1
2960669,2025-09-15 23:45:00,2025-09-16 00:00:00,17.13,1
2917798,2025-09-15 23:45:00,2025-09-16 00:00:00,5.27,1
2926786,2025-09-15 23:45:00,2025-09-16 00:00:00,5.42,1
2960636,2025-09-15 23:45:00,2025-09-16 00:00:00,11.64,1
2889294,2025-09-15 23:45:00,2025-09-16 00:00:00,1.73,1
2960629,2025-09-15 23:45:00,2025-09-16 00:00:00,12.74,1
2877114,2025-09-15 23:45:00,2025-09-16 00:00:00,8.39,1
2960667,2025-09-15 23:45:00,2025-09-16 00:00:00,8.37,1
2896755,2025-09-15 23:45:00,2025-09-16 00:00:00,6.6,1
2960641,2025-09-15 23:45:00,2025-09-16 00:00:00,10.15,1
2896762,2025-09-15 23:45:00,2025-09-16 00:00:00,2.91,1
2896748,2025-09-15 23:45:00,2025-09-16 00:00:00,1.89,1
2896767,2025-09-15 23:45:00,2025-09-16 00:00:00,2.23,1
2960658,2025-09-15 23:45:00,2025-09-16 00:00:00,11.77,1
2960645,2025-09-15 23:45:00,2025-09-16 00:00:00,14.88,1
2960662,2025-09-15 23:45:00,2025-09-16 00:00:00,3.52,1
2889295,2025-09-15 23:45:00,2025-09-16 00:00:00,2.18,1
2982401,2025-09-15 23:45:00,2025-09-16 00:00:00,3.77,1
2996788,2025-09-15 23:45:00,2025-09-16 00:00:00,7.5,1
2889297,2025-09-15 23:45:00,2025-09-16 00:00:00,1.19,1
2622612,2025-09-16 00:00:00,2025-09-16 00:15:00,19.0,1
2622686,2025-09-16 00:00:00,2025-09-16 00:15:00,25.0,1
2896753,2025-09-16 00:00:00,2025-09-16 00:15:00,2.48,1
1362,2025-09-16 00:00:00,2025-09-16 00:15:00,9.8,1
2623214,2025-09-16 00:00:00,2025-09-16 00:15:00,15.0,1
2623482,2025-09-16 00:00:00,2025-09-16 00:15:00,11.0,1
8777,2025-09-16 00:00:00,2025-09-16 00:15:00,6.8,1
2623510,2025-09-16 00:00:00,2025-09-16 00:15:00,19.0,1
2960643,2025-09-16 00:00:00,2025-09-16 00:15:00,8.55,1
2623467,2025-09-16 00:00:00,2025-09-16 00:15:00,4.0,1
2622631,2025-09-16 00:00:00,2025-09-16 00:15:00,11.0,1
784160,2025-09-16 00:00:00,2025-09-16 00:15:00,15.659833333333,1
979,2025-09-16 00:00:00,2025-09-16 00:15:00,2.3,1
2623321,2025-09-16 00:00:00,2025-09-16 00:15:00,15.0,1
2623806,2025-09-16 00:00:00,2025-09-16 00:15:00,15.0,1
2623385,2025-09-16 00:00:00,2025-09-16 00:15:00,4.0,1
2959203,2025-09-16 00:00:00,2025-09-16 00:15:00,41.899207750956215,1
1446,2025-09-16 00:00:00,2025-09-16 00:15:00,5.0,1
2907566,2025-09-16 00:00:00,2025-09-16 00:15:00,0.0,1
2622724,2025-09-16 00:00:00,2025-09-16 00:15:00,14.0,1
2622567,2025-09-16 00:00:00,2025-09-16 00:15:00,11.0,1
1215,2025-09-16 00:00:00,2025-09-16 00:15:00,5.0,1
8590,2025-09-16 00:00:00,2025-09-16 00:15:00,10.0,1
2622727,2025-09-16 00:00:00,2025-09-16 00:15:00,22.0,1
2622733,2025-09-16 00:00:00,2025-09-16 00:15:00,26.0,1
2622991,2025-09-16 00:00:00,2025-09-16 00:15:00,21.0,1
2623711,2025-09-16 00:00:00,2025-09-16 00:15:00,15.0,1
2622590,2025-09-16 00:00:00,2025-09-16 00:15:00,5.0,1
2623512,2025-09-16 00:00:00,2025-09-16 00:15:00,3.0,1
2954721,2025-09-16 00:00:00,2025-09-16 00:15:00,4.0,1
10612,2025-09-16 00:00:00,2025-09-16 00:15:00,2.746306,1
2999659,2025-09-16 00:00:00,2025-09-16 00:15:00,7.9,1
2960668,2025-09-16 00:00:00,2025-09-16 00:15:00,9.45,1
7944,2025-09-16 00:00:00,2025-09-16 00:15:00,1.7,1
1785690,2025-09-16 00:00:00,2025-09-16 00:15:00,17.3,1
2622791,2025-09-16 00:00:00,2025-09-16 00:15:00,13.0,1
2984093,2025-09-16 00:00:00,2025-09-16 00:15:00,2.6825000286102294,1
2623138,2025-09-16 00:00:00,2025-09-16 00:15:00,10.0,1
2623671,2025-09-16 00:00:00,2025-09-16 00:15:00,12.0,1
2622970,2025-09-16 00:00:00,2025-09-16 00:15:00,14.0,1
2623407,2025-09-16 00:00:00,2025-09-16 00:15:00,27.0,1
3007129,2025-09-16 00:00:00,2025-09-16 00:15:00,7.99,1
2623790,2025-09-16 00:00:00,2025-09-16 00:15:00,18.0,1
2874879,2025-09-16 00:00:00,2025-09-16 00:15:00,14.45341682434082,1
2623728,2025-09-16 00:00:00,2025-09-16 00:15:00,5.0,1
2059656,2025-09-16 00:00:00,2025-09-16 00:15:00,5.244378,1
2623146,2025-09-16 00:00:00,2025-09-16 00:15:00,28.0,1
2622877,2025-09-16 00:00:00,2025-09-16 00:15:00,11.0,1
2622596,2025-09-16 00:00:00,2025-09-16 00:15:00,7.0,1
2623050,2025-09-16 00:00:00,2025-09-16 00:15:00,29.0,1
3876,2025-09-16 00:00:00,2025-09-16 00:15:00,19.0,1
2954722,2025-09-16 00:00:00,2025-09-16 00:15:00,4.0,1
2623704,2025-09-16 00:00:00,2025-09-16 00:15:00,6.0,1
2989482,2025-09-16 00:00:00,2025-09-16 00:15:00,1.2285833458105724,1
2976549,2025-09-16 00:00:00,2025-09-16 00:15:00,32.72262461980184,1
2622714,2025-09-16 00:00:00,2025-09-16 00:15:00,23.0,1
3002712,2025-09-16 00:00:00,2025-09-16 00:15:00,3.32,1
550,2025-09-16 00:00:00,2025-09-16 00:15:00,3.0,1
1785694,2025-09-16 00:00:00,2025-09-16 00:15:00,5.8,1
2623403,2025-09-16 00:00:00,2025-09-16 00:15:00,12.0,1
2622879,2025-09-16 00:00:00,2025-09-16 00:15:00,9.0,1
2996254,2025-09-16 00:00:00,2025-09-16 00:15:00,4.596291700998942,1
3001240,2025-09-16 00:00:00,2025-09-16 00:15:00,0.9079166650772095,1
2622586,2025-09-16 00:00:00,2025-09-16 00:15:00,10.0,1
2623184,2025-09-16 00:00:00,2025-09-16 00:15:00,20.0,1
2622831,2025-09-16 00:00:00,2025-09-16 00:15:00,25.0,1
2622827,2025-09-16 00:00:00,2025-09-16 00:15:00,17.0,1
7903,2025-09-16 00:00:00,2025-09-16 00:15:00,7.0,1
2622903,2025-09-16 00:00:00,2025-09-16 00:15:00,20.0,1
2622642,2025-09-16 00:00:00,2025-09-16 00:15:00,19.0,1
2622658,2025-09-16 00:00:00,2025-09-16 00:15:00,16.0,1
2622788,2025-09-16 00:00:00,2025-09-16 00:15:00,5.0,1
2623738,2025-09-16 00:00:00,2025-09-16 00:15:00,9.0,1
2623235,2025-09-16 00:00:00,2025-09-16 00:15:00,22.0,1
2622816,2025-09-16 00:00:00,2025-09-16 00:15:00,9.0,1
2453319,2025-09-16 00:00:00,2025-09-16 00:15:00,3.1090909351002085,1
2960621,2025-09-16 00:00:00,2025-09-16 00:15:00,10.27,1
2984748,2025-09-16 00:00:00,2025-09-16 00:15:00,4.81404169400533,1
2898936,2025-09-16 00:00:00,2025-09-16 00:15:00,10.577791770299276,1
2623547,2025-09-16 00:00:00,2025-09-16 00:15:00,18.0,1
2623635,2025-09-16 00:00:00,2025-09-16 00:15:00,20.0,1
2876974,2025-09-16 00:00:00,2025-09-16 00:15:00,4.883333245913188,1
2623327,2025-09-16 00:00:00,2025-09-16 00:15:00,10.0,1
2623315,2025-09-16 00:00:00,2025-09-16 00:15:00,11.0,1
2623270,2025-09-16 00:00:00,2025-09-16 00:15:00,34.0,1
1785691,2025-09-16 00:00:00,2025-09-16 00:15:00,10.3,1
2623134,2025-09-16 00:00:00,2025-09-16 00:15:00,10.0,1
814,2025-09-16 00:00:00,2025-09-16 00:15:00,0.6,1
2877111,2025-09-16 00:00:00,2025-09-16 00:15:00,8.58,1
2955100,2025-09-16 00:00:00,2025-09-16 00:15:00,8.72,1
2622589,2025-09-16 00:00:00,2025-09-16 00:15:00,12.0,1
2622784,2025-09-16 00:00:00,2025-09-16 00:15:00,7.0,1
2623090,2025-09-16 00:00:00,2025-09-16 00:15:00,8.0,1
2972050,2025-09-16 00:00:00,2025-09-16 00:15:00,1.7893333236376445,1
2622621,2025-09-16 00:00:00,2025-09-16 00:15:00,31.0,1
2623180,2025-09-16 00:00:00,2025-09-16 00:15:00,32.0,1
2945079,2025-09-16 00:00:00,2025-09-16 00:15:00,5.09,1
2946546,2025-09-16 00:00:00,2025-09-16 00:15:00,9.452916622161865,1
399045,2025-09-16 00:00:00,2025-09-16 00:15:00,4.0,1
2623080,2025-09-16 00:00:00,2025-09-16 00:15:00,23.0,1
6308,2025-09-16 00:00:00,2025-09-16 00:15:00,4.1,1
2623354,2025-09-16 00:00:00,2025-09-16 00:15:00,9.0,1
2622866,2025-09-16 00:00:00,2025-09-16 00:15:00,10.0,1
2623028,2025-09-16 00:00:00,2025-09-16 00:15:00,6.0,1
2623232,2025-09-16 00:00:00,2025-09-16 00:15:00,30.0,1
2623325,2025-09-16 00:00:00,2025-09-16 00:15:00,34.0,1
2876975,2025-09-16 00:00:00,2025-09-16 00:15:00,5.705416679382324,1
2993408,2025-09-16 00:00:00,2025-09-16 00:15:00,7.9,1
2623166,2025-09-16 00:00:00,2025-09-16 00:15:00,17.0,1
2890220,2025-09-16 00:00:00,2025-09-16 00:15:00,4.700541694959004,1
2960647,2025-09-16 00:00:00,2025-09-16 00:15:00,8.84,1
2622731,2025-09-16 00:00:00,2025-09-16 00:15:00,25.0,1
2623052,2025-09-16 00:00:00,2025-09-16 00:15:00,13.0,1
2623502,2025-09-16 00:00:00,2025-09-16 00:15:00,19.0,1
2878674,2025-09-16 00:00:00,2025-09-16 00:15:00,1.12083334227403,1
2955058,2025-09-16 00:00:00,2025-09-16 00:15:00,0.0,1
3008643,2025-09-16 00:00:00,2025-09-16 00:15:00,8.3,1
3442588,2025-09-16 00:00:00,2025-09-16 00:15:00,0.5868333500499526,1
8709,2025-09-16 00:00:00,2025-09-16 00:15:00,8.0,1
2622821,2025-09-16 00:00:00,2025-09-16 00:15:00,21.0,1
2622936,2025-09-16 00:00:00,2025-09-16 00:15:00,38.0,1
1467,2025-09-16 00:00:00,2025-09-16 00:15:00,10.6,1
2590138,2025-09-16 00:00:00,2025-09-16 00:15:00,14.507680733998617,1
2623266,2025-09-16 00:00:00,2025-09-16 00:15:00,10.0,1
2623314,2025-09-16 00:00:00,2025-09-16 00:15:00,13.0,1
2623734,2025-09-16 00:00:00,2025-09-16 00:15:00,61.0,1
2896886,2025-09-16 00:00:00,2025-09-16 00:15:00,1.37,1
917,2025-09-16 00:00:00,2025-09-16 00:15:00,2.0,1
2978434,2025-09-16 00:00:00,2025-09-16 00:15:00,10.29,1
2990989,2025-09-16 00:00:00,2025-09-16 00:15:00,13.74204166730245,1
2991212,2025-09-16 00:00:00,2025-09-16 00:15:00,21.826791763305664,1
2964250,2025-09-16 00:00:00,2025-09-16 00:15:00,0.5780833375950655,1
7507,2025-09-16 00:00:00,2025-09-16 00:15:00,6.0,1
2622912,2025-09-16 00:00:00,2025-09-16 00:15:00,8.0,1
2623341,2025-09-16 00:00:00,2025-09-16 00:15:00,1.0,1
2960664,2025-09-16 00:00:00,2025-09-16 00:15:00,9.26,1
2960998,2025-09-16 00:00:00,2025-09-16 00:15:00,4.639583349227905,1
2622922,2025-09-16 00:00:00,2025-09-16 00:15:00,14.0,1
2584325,2025-09-16 00:00:00,2025-09-16 00:15:00,8.5,1
3000510,2025-09-16 00:00:00,2025-09-16 00:15:00,4.47,1
2622609,2025-09-16 00:00:00,2025-09-16 00:15:00,21.0,1
2622964,2025-09-16 00:00:00,2025-09-16 00:15:00,11.0,1
2913750,2025-09-16 00:00:00,2025-09-16 00:15:00,9.97,1
3002710,2025-09-16 00:00:00,2025-09-16 00:15:00,3.56,1
2894142,2025-09-16 00:00:00,2025-09-16 00:15:00,10.630208333333334,1
3430568,2025-09-16 00:00:00,2025-09-16 00:15:00,3.2536666790644326,1
2993355,2025-09-16 00:00:00,2025-09-16 00:15:00,5.8,1
1535,2025-09-16 00:00:00,2025-09-16 00:15:00,7.0,1
2960670,2025-09-16 00:00:00,2025-09-16 00:15:00,13.04,1
2623813,2025-09-16 00:00:00,2025-09-16 00:15:00,28.0,1
7464,2025-09-16 00:00:00,2025-09-16 00:15:00,30.69,1
2623542,2025-09-16 00:00:00,2025-09-16 00:15:00,25.0,1
2622701,2025-09-16 00:00:00,2025-09-16 00:15:00,19.0,1
2999794,2025-09-16 00:00:00,2025-09-16 00:15:00,4.66,1
2622689,2025-09-16 00:00:00,2025-09-16 00:15:00,11.0,1
2623540,2025-09-16 00:00:00,2025-09-16 00:15:00,20.0,1
1656,2025-09-16 00:00:00,2025-09-16 00:15:00,9.2,1
2623067,2025-09-16 00:00:00,2025-09-16 00:15:00,19.0,1
2623399,2025-09-16 00:00:00,2025-09-16 00:15:00,10.0,1
2545,2025-09-16 00:00:00,2025-09-16 00:15:00,1.0,1
8678,2025-09-16 00:00:00,2025-09-16 00:15:00,5.4,1
2623247,2025-09-16 00:00:00,2025-09-16 00:15:00,12.0,1
2623627,2025-09-16 00:00:00,2025-09-16 00:15:00,10.0,1
2623082,2025-09-16 00:00:00,2025-09-16 00:15:00,17.0,1
3439880,2025-09-16 00:00:00,2025-09-16 00:15:00,1.7983194291591644,1
2623599,2025-09-16 00:00:00,2025-09-16 00:15:00,15.0,1
2980722,2025-09-16 00:00:00,2025-09-16 00:15:00,4.89,1
2997445,2025-09-16 00:00:00,2025-09-16 00:15:00,6.17,1
2272,2025-09-16 00:00:00,2025-09-16 00:15:00,4.1,1
2622918,2025-09-16 00:00:00,2025-09-16 00:15:00,10.0,1
2623381,2025-09-16 00:00:00,2025-09-16 00:15:00,17.0,1
2895357,2025-09-16 00:00:00,2025-09-16 00:15:00,7.982666810353597,1
5871,2025-09-16 00:00:00,2025-09-16 00:15:00,2.9,1
2623405,2025-09-16 00:00:00,2025-09-16 00:15:00,15.0,1
2623794,2025-09-16 00:00:00,2025-09-16 00:15:00,28.0,1
2622644,2025-09-16 00:00:00,2025-09-16 00:15:00,10.0,1
1155,2025-09-16 00:00:00,2025-09-16 00:15:00,14.7,1
3002713,2025-09-16 00:00:00,2025-09-16 00:15:00,3.1,1
8416,2025-09-16 00:00:00,2025-09-16 00:15:00,6.0,1
2622966,2025-09-16 00:00:00,2025-09-16 00:15:00,20.0,1
2623006,2025-09-16 00:00:00,2025-09-16 00:15:00,3.0,1
2623584,2025-09-16 00:00:00,2025-09-16 00:15:00,26.0,1
2896756,2025-09-16 00:00:00,2025-09-16 00:15:00,1.77,1
2960652,2025-09-16 00:00:00,2025-09-16 00:15:00,14.01,1
1164,2025-09-16 00:00:00,2025-09-16 00:15:00,2.0,1
2622895,2025-09-16 00:00:00,2025-09-16 00:15:00,23.0,1
2623442,2025-09-16 00:00:00,2025-09-16 00:15:00,10.0,1
2873095,2025-09-16 00:00:00,2025-09-16 00:15:00,7.57,1
2622996,2025-09-16 00:00:00,2025-09-16 00:15:00,28.0,1
2623348,2025-09-16 00:00:00,2025-09-16 00:15:00,3.0,1
2981155,2025-09-16 00:00:00,2025-09-16 00:15:00,9.628666599591574,1
1785692,2025-09-16 00:00:00,2025-09-16 00:15:00,9.1,1
2993057,2025-09-16 00:00:00,2025-09-16 00:15:00,7.0,1
2622946,2025-09-16 00:00:00,2025-09-16 00:15:00,13.0,1
3431642,2025-09-16 00:00:00,2025-09-16 00:15:00,14.1,1
8467,2025-09-16 00:00:00,2025-09-16 00:15:00,11.0,1
8745,2025-09-16 00:00:00,2025-09-16 00:15:00,5.5,1
2623647,2025-09-16 00:00:00,2025-09-16 00:15:00,14.0,1
2623649,2025-09-16 00:00:00,2025-09-16 00:15:00,21.0,1
225628,2025-09-16 00:00:00,2025-09-16 00:15:00,8.7,1
3002711,2025-09-16 00:00:00,2025-09-16 00:15:00,3.23,1
387315,2025-09-16 00:00:00,2025-09-16 00:15:00,6.4,1
2622812,2025-09-16 00:00:00,2025-09-16 00:15:00,14.0,1
2623148,2025-09-16 00:00:00,2025-09-16 00:15:00,29.0,1
2623545,2025-09-16 00:00:00,2025-09-16 00:15:00,20.0,1
2962304,2025-09-16 00:00:00,2025-09-16 00:15:00,41.290208180745445,1
2623218,2025-09-16 00:00:00,2025-09-16 00:15:00,8.0,1
424,2025-09-16 00:00:00,2025-09-16 00:15:00,11.5,1
2622960,2025-09-16 00:00:00,2025-09-16 00:15:00,22.0,1
2623292,2025-09-16 00:00:00,2025-09-16 00:15:00,5.0,1
2960638,2025-09-16 00:00:00,2025-09-16 00:15:00,10.95,1
2960653,2025-09-16 00:00:00,2025-09-16 00:15:00,15.6,1
628,2025-09-16 00:00:00,2025-09-16 00:15:00,3.9,1
2879671,2025-09-16 00:00:00,2025-09-16 00:15:00,7.033134977022807,1
2896768,2025-09-16 00:00:00,2025-09-16 00:15:00,2.1,1
3864,2025-09-16 00:00:00,2025-09-16 00:15:00,22.0,1
2986645,2025-09-16 00:00:00,2025-09-16 00:15:00,1.1582083404064178,1
2960156,2025-09-16 00:00:00,2025-09-16 00:15:00,34.95933278401693,1
2623461,2025-09-16 00:00:00,2025-09-16 00:15:00,5.0,1
2623264,2025-09-16 00:00:00,2025-09-16 00:15:00,10.0,1
2914454,2025-09-16 00:00:00,2025-09-16 00:15:00,5.06291667620341,1
2623104,2025-09-16 00:00:00,2025-09-16 00:15:00,15.0,1
2623623,2025-09-16 00:00:00,2025-09-16 00:15:00,32.0,1
2622578,2025-09-16 00:00:00,2025-09-16 00:15:00,11.0,1
2999471,2025-09-16 00:00:00,2025-09-16 00:15:00,32.7437637646993,1
3003642,2025-09-16 00:00:00,2025-09-16 00:15:00,2.859375,1
2623520,2025-09-16 00:00:00,2025-09-16 00:15:00,20.0,1
2889293,2025-09-16 00:00:00,2025-09-16 00:15:00,1.4,1
1960,2025-09-16 00:00:00,2025-09-16 00:15:00,9.2,1
2622605,2025-09-16 00:00:00,2025-09-16 00:15:00,9.0,1
2960624,2025-09-16 00:00:00,2025-09-16 00:15:00,15.62,1
3415296,2025-09-16 00:00:00,2025-09-16 00:15:00,3.270535707473755,1
1514,2025-09-16 00:00:00,2025-09-16 00:15:00,5.8,1
2979494,2025-09-16 00:00:00,2025-09-16 00:15:00,6.1,1
2622905,2025-09-16 00:00:00,2025-09-16 00:15:00,11.0,1
465,2025-09-16 00:00:00,2025-09-16 00:15:00,11.0,1
2622675,2025-09-16 00:00:00,2025-09-16 00:15:00,12.0,1
2616564,2025-09-16 00:00:00,2025-09-16 00:15:00,8.294791658719381,1
2868842,2025-09-16 00:00:00,2025-09-16 00:15:00,3.4010971983273826,1
2896760,2025-09-16 00:00:00,2025-09-16 00:15:00,2.91,1
2976598,2025-09-16 00:00:00,2025-09-16 00:15:00,4.96,1
384,2025-09-16 00:00:00,2025-09-16 00:15:00,10.8,1
8802,2025-09-16 00:00:00,2025-09-16 00:15:00,8.0,1
2988253,2025-09-16 00:00:00,2025-09-16 00:15:00,10.369791746139526,1
2623504,2025-09-16 00:00:00,2025-09-16 00:15:00,19.0,1
3000509,2025-09-16 00:00:00,2025-09-16 00:15:00,4.01,1
2945076,2025-09-16 00:00:00,2025-09-16 00:15:00,4.98,1
2622703,2025-09-16 00:00:00,2025-09-16 00:15:00,27.0,1
2389,2025-09-16 00:00:00,2025-09-16 00:15:00,7.0,1
10567,2025-09-16 00:00:00,2025-09-16 00:15:00,7.29,1
2622571,2025-09-16 00:00:00,2025-09-16 00:15:00,6.0,1
2623208,2025-09-16 00:00:00,2025-09-16 00:15:00,31.0,1
2887748,2025-09-16 00:00:00,2025-09-16 00:15:00,1.3027083277702332,1
2896769,2025-09-16 00:00:00,2025-09-16 00:15:00,2.31,1
2896770,2025-09-16 00:00:00,2025-09-16 00:15:00,3.35,1
2623571,2025-09-16 00:00:00,2025-09-16 00:15:00,20.0,1
2622793,2025-09-16 00:00:00,2025-09-16 00:15:00,20.0,1
5531,2025-09-16 00:00:00,2025-09-16 00:15:00,4.2,1
2623681,2025-09-16 00:00:00,2025-09-16 00:15:00,19.0,1
2622995,2025-09-16 00:00:00,2025-09-16 00:15:00,15.0,1
2623424,2025-09-16 00:00:00,2025-09-16 00:15:00,10.0,1
368408,2025-09-16 00:00:00,2025-09-16 00:15:00,8.8,1
2622938,2025-09-16 00:00:00,2025-09-16 00:15:00,36.0,1
1331,2025-09-16 00:00:00,2025-09-16 00:15:00,3.1,1
2605808,2025-09-16 00:00:00,2025-09-16 00:15:00,9.94166668256124,1
2623206,2025-09-16 00:00:00,2025-09-16 00:15:00,40.0,1
2623409,2025-09-16 00:00:00,2025-09-16 00:15:00,7.0,1
2979493,2025-09-16 00:00:00,2025-09-16 00:15:00,5.52,1
2623048,2025-09-16 00:00:00,2025-09-16 00:15:00,29.0,1
2966040,2025-09-16 00:00:00,2025-09-16 00:15:00,6.940875053405762,1
3004174,2025-09-16 00:00:00,2025-09-16 00:15:00,10.066666762034098,1
8794,2025-09-16 00:00:00,2025-09-16 00:15:00,7.2,1
2623645,2025-09-16 00:00:00,2025-09-16 00:15:00,28.0,1
2622660,2025-09-16 00:00:00,2025-09-16 00:15:00,13.0,1
2882800,2025-09-16 00:00:00,2025-09-16 00:15:00,10.98,1
2622806,2025-09-16 00:00:00,2025-09-16 00:15:00,8.0,1
2622764,2025-09-16 00:00:00,2025-09-16 00:15:00,28.0,1
2623492,2025-09-16 00:00:00,2025-09-16 00:15:00,20.0,1
3431593,2025-09-16 00:00:00,2025-09-16 00:15:00,9.879666646321615,1
2623573,2025-09-16 00:00:00,2025-09-16 00:15:00,15.0,1
2980982,2025-09-16 00:00:00,2025-09-16 00:15:00,2.7740833163261414,1
1684,2025-09-16 00:00:00,2025-09-16 00:15:00,14.5,1
2622652,2025-09-16 00:00:00,2025-09-16 00:15:00,17.0,1
2882018,2025-09-16 00:00:00,2025-09-16 00:15:00,2.9105654756228128,1
2993453,2025-09-16 00:00:00,2025-09-16 00:15:00,2.9593758384386697,1
1294191,2025-09-16 00:00:00,2025-09-16 00:15:00,6.2,1
2622773,2025-09-16 00:00:00,2025-09-16 00:15:00,15.0,1
2623451,2025-09-16 00:00:00,2025-09-16 00:15:00,9.0,1
2623709,2025-09-16 00:00:00,2025-09-16 00:15:00,13.0,1
2978336,2025-09-16 00:00:00,2025-09-16 00:15:00,2.6192916433016458,1
1456,2025-09-16 00:00:00,2025-09-16 00:15:00,6.1,1
9520,2025-09-16 00:00:00,2025-09-16 00:15:00,7.7,1
2622838,2025-09-16 00:00:00,2025-09-16 00:15:00,30.0,1
2623285,2025-09-16 00:00:00,2025-09-16 00:15:00,7.0,1
2623329,2025-09-16 00:00:00,2025-09-16 00:15:00,11.0,1
2997444,2025-09-16 00:00:00,2025-09-16 00:15:00,5.86,1
1066093,2025-09-16 00:00:00,2025-09-16 00:15:00,12.4,1
1785688,2025-09-16 00:00:00,2025-09-16 00:15:00,11.8,1
2583427,2025-09-16 00:00:00,2025-09-16 00:15:00,7.0,1
1081,2025-09-16 00:00:00,2025-09-16 00:15:00,7.0,1
2623665,2025-09-16 00:00:00,2025-09-16 00:15:00,8.0,1
2623040,2025-09-16 00:00:00,2025-09-16 00:15:00,14.0,1
2623042,2025-09-16 00:00:00,2025-09-16 00:15:00,19.0,1
2623312,2025-09-16 00:00:00,2025-09-16 00:15:00,23.0,1
1285,2025-09-16 00:00:00,2025-09-16 00:15:00,6.2,1
2623559,2025-09-16 00:00:00,2025-09-16 00:15:00,22.0,1
2959855,2025-09-16 00:00:00,2025-09-16 00:15:00,1.1153333336114883,1
1066106,2025-09-16 00:00:00,2025-09-16 00:15:00,9.7,1
2623580,2025-09-16 00:00:00,2025-09-16 00:15:00,23.0,1
3004721,2025-09-16 00:00:00,2025-09-16 00:15:00,8.3,1
2623032,2025-09-16 00:00:00,2025-09-16 00:15:00,7.0,1
2623156,2025-09-16 00:00:00,2025-09-16 00:15:00,6.0,1
659,2025-09-16 00:00:00,2025-09-16 00:15:00,2.0,1
270745,2025-09-16 00:00:00,2025-09-16 00:15:00,2.9,1
270749,2025-09-16 00:00:00,2025-09-16 00:15:00,3.6,1
2622837,2025-09-16 00:00:00,2025-09-16 00:15:00,13.0,1
2623046,2025-09-16 00:00:00,2025-09-16 00:15:00,16.0,1
2623677,2025-09-16 00:00:00,2025-09-16 00:15:00,14.0,1
2622565,2025-09-16 00:00:00,2025-09-16 00:15:00,6.0,1
1142,2025-09-16 00:00:00,2025-09-16 00:15:00,11.0,1
2623743,2025-09-16 00:00:00,2025-09-16 00:15:00,13.0,1
2623698,2025-09-16 00:00:00,2025-09-16 00:15:00,7.0,1
2876561,2025-09-16 00:00:00,2025-09-16 00:15:00,4.0,1
2896885,2025-09-16 00:00:00,2025-09-16 00:15:00,3.18,1
2623434,2025-09-16 00:00:00,2025-09-16 00:15:00,25.0,1
2732901,2025-09-16 00:00:00,2025-09-16 00:15:00,19.528571128845215,1
2827394,2025-09-16 00:00:00,2025-09-16 00:15:00,8.166666666666666,1
2957005,2025-09-16 00:00:00,2025-09-16 00:15:00,29.784416516621906,1
859,2025-09-16 00:00:00,2025-09-16 00:15:00,18.3,1
2623287,2025-09-16 00:00:00,2025-09-16 00:15:00,13.0,1
2942067,2025-09-16 00:00:00,2025-09-16 00:15:00,7.86,1
2827201,2025-09-16 00:00:00,2025-09-16 00:15:00,4.691041648387909,1
1000,2025-09-16 00:00:00,2025-09-16 00:15:00,5.9,1
2622562,2025-09-16 00:00:00,2025-09-16 00:15:00,18.0,1
2623363,2025-09-16 00:00:00,2025-09-16 00:15:00,35.0,1
2998815,2025-09-16 00:00:00,2025-09-16 00:15:00,0.0,1
3011793,2025-09-16 00:00:00,2025-09-16 00:15:00,1.5929166575272877,1
2622841,2025-09-16 00:00:00,2025-09-16 00:15:00,12.0,1
2960672,2025-09-16 00:00:00,2025-09-16 00:15:00,4.27,1
2623196,2025-09-16 00:00:00,2025-09-16 00:15:00,55.0,1
1706,2025-09-16 00:00:00,2025-09-16 00:15:00,5.0,1
2623255,2025-09-16 00:00:00,2025-09-16 00:15:00,45.0,1
2622833,2025-09-16 00:00:00,2025-09-16 00:15:00,21.0,1
2884264,2025-09-16 00:00:00,2025-09-16 00:15:00,6.8,1
2622825,2025-09-16 00:00:00,2025-09-16 00:15:00,18.0,1
9694,2025-09-16 00:00:00,2025-09-16 00:15:00,4.0,1
2623261,2025-09-16 00:00:00,2025-09-16 00:15:00,30.0,1
2896759,2025-09-16 00:00:00,2025-09-16 00:15:00,0.83,1
3003011,2025-09-16 00:00:00,2025-09-16 00:15:00,5.63,1
2623182,2025-09-16 00:00:00,2025-09-16 00:15:00,15.0,1
2873089,2025-09-16 00:00:00,2025-09-16 00:15:00,3.4504583279291787,1
2622566,2025-09-16 00:00:00,2025-09-16 00:15:00,20.0,1
2623696,2025-09-16 00:00:00,2025-09-16 00:15:00,19.0,1
2976597,2025-09-16 00:00:00,2025-09-16 00:15:00,4.75,1
225674,2025-09-16 00:00:00,2025-09-16 00:15:00,11.6,1
2622583,2025-09-16 00:00:00,2025-09-16 00:15:00,9.0,1
2622761,2025-09-16 00:00:00,2025-09-16 00:15:00,31.0,1
2623129,2025-09-16 00:00:00,2025-09-16 00:15:00,30.0,1
2623257,2025-09-16 00:00:00,2025-09-16 00:15:00,8.0,1
228023,2025-09-16 00:00:00,2025-09-16 00:15:00,2.328028,1
2896765,2025-09-16 00:00:00,2025-09-16 00:15:00,2.48,1
2622748,2025-09-16 00:00:00,2025-09-16 00:15:00,17.0,1
2988255,2025-09-16 00:00:00,2025-09-16 00:15:00,22.945666472117107,1
2906640,2025-09-16 00:00:00,2025-09-16 00:15:00,3.73,1
2623178,2025-09-16 00:00:00,2025-09-16 00:15:00,14.0,1
2623777,2025-09-16 00:00:00,2025-09-16 00:15:00,27.0,1
2622574,2025-09-16 00:00:00,2025-09-16 00:15:00,16.0,1
225684,2025-09-16 00:00:00,2025-09-16 00:15:00,16.3,1
2622704,2025-09-16 00:00:00,2025-09-16 00:15:00,11.0,1
2896747,2025-09-16 00:00:00,2025-09-16 00:15:00,1.98,1
2955245,2025-09-16 00:00:00,2025-09-16 00:15:00,1.7068194349606831,1
2622594,2025-09-16 00:00:00,2025-09-16 00:15:00,13.0,1
2623736,2025-09-16 00:00:00,2025-09-16 00:15:00,7.0,1
3429415,2025-09-16 00:00:00,2025-09-16 00:15:00,4.286708315213521,1
2623186,2025-09-16 00:00:00,2025-09-16 00:15:00,34.0,1
2623565,2025-09-16 00:00:00,2025-09-16 00:15:00,8.0,1
2623782,2025-09-16 00:00:00,2025-09-16 00:15:00,1.0,1
235232,2025-09-16 00:00:00,2025-09-16 00:15:00,11.34,1
2622951,2025-09-16 00:00:00,2025-09-16 00:15:00,28.0,1
2622987,2025-09-16 00:00:00,2025-09-16 00:15:00,14.0,1
2623508,2025-09-16 00:00:00,2025-09-16 00:15:00,28.0,1
2896757,2025-09-16 00:00:00,2025-09-16 00:15:00,4.1,1
2876865,2025-09-16 00:00:00,2025-09-16 00:15:00,10.0,1
2993753,2025-09-16 00:00:00,2025-09-16 00:15:00,5.187541683514913,1
8808,2025-09-16 00:00:00,2025-09-16 00:15:00,9.3,1
2884100,2025-09-16 00:00:00,2025-09-16 00:15:00,4.210791687170665,1
2996395,2025-09-16 00:00:00,2025-09-16 00:15:00,48.60112444559733,1
2999792,2025-09-16 00:00:00,2025-09-16 00:15:00,3.0788749853769937,1
2623084,2025-09-16 00:00:00,2025-09-16 00:15:00,8.0,1
2623174,2025-09-16 00:00:00,2025-09-16 00:15:00,8.0,1
2622845,2025-09-16 00:00:00,2025-09-16 00:15:00,15.0,1
3012206,2025-09-16 00:00:00,2025-09-16 00:15:00,9.168874979019165,1
2905540,2025-09-16 00:00:00,2025-09-16 00:15:00,5.62,1
228627,2025-09-16 00:00:00,2025-09-16 00:15:00,4.7,1
2622881,2025-09-16 00:00:00,2025-09-16 00:15:00,10.0,1
2623111,2025-09-16 00:00:00,2025-09-16 00:15:00,17.0,1
2623162,2025-09-16 00:00:00,2025-09-16 00:15:00,9.0,1
2960651,2025-09-16 00:00:00,2025-09-16 00:15:00,13.21,1
2622576,2025-09-16 00:00:00,2025-09-16 00:15:00,12.0,1
2623095,2025-09-16 00:00:00,2025-09-16 00:15:00,9.0,1
881,2025-09-16 00:00:00,2025-09-16 00:15:00,11.8,1
2622614,2025-09-16 00:00:00,2025-09-16 00:15:00,10.0,1
2623126,2025-09-16 00:00:00,2025-09-16 00:15:00,17.0,1
2623390,2025-09-16 00:00:00,2025-09-16 00:15:00,39.0,1
2623663,2025-09-16 00:00:00,2025-09-16 00:15:00,11.0,1
2623590,2025-09-16 00:00:00,2025-09-16 00:15:00,30.0,1
2623802,2025-09-16 00:00:00,2025-09-16 00:15:00,27.0,1
2622756,2025-09-16 00:00:00,2025-09-16 00:15:00,16.0,1
225604,2025-09-16 00:00:00,2025-09-16 00:15:00,20.1,1
2999793,2025-09-16 00:00:00,2025-09-16 00:15:00,4.59,1
5859,2025-09-16 00:00:00,2025-09-16 00:15:00,8.0,1
2959824,2025-09-16 00:00:00,2025-09-16 00:15:00,15.35533340771993,1
2996392,2025-09-16 00:00:00,2025-09-16 00:15:00,18.282416502634685,1
2623037,2025-09-16 00:00:00,2025-09-16 00:15:00,25.0,1
2945077,2025-09-16 00:00:00,2025-09-16 00:15:00,5.1,1
2623756,2025-09-16 00:00:00,2025-09-16 00:15:00,6.0,1
2623751,2025-09-16 00:00:00,2025-09-16 00:15:00,18.0,1
3009455,2025-09-16 00:00:00,2025-09-16 00:15:00,4.492583274841309,1
2623469,2025-09-16 00:00:00,2025-09-16 00:15:00,9.0,1
226745,2025-09-16 00:00:00,2025-09-16 00:15:00,3.7,1
5520,2025-09-16 00:00:00,2025-09-16 00:15:00,3.3,1
2622561,2025-09-16 00:00:00,2025-09-16 00:15:00,9.0,1
2622800,2025-09-16 00:00:00,2025-09-16 00:15:00,8.0,1
2906642,2025-09-16 00:00:00,2025-09-16 00:15:00,4.92,1
2945078,2025-09-16 00:00:00,2025-09-16 00:15:00,22.29,1
2956190,2025-09-16 00:30:00,2025-09-16 00:45:00,3.31,1
2956190,2025-09-16 00:45:00,2025-09-16 01:00:00,3.12,2
5472,2025-09-16 11:45:00,2025-09-16 12:00:00,3.0,1
5491,2025-09-16 11:45:00,2025-09-16 12:00:00,3.0,1
5477,2025-09-16 11:45:00,2025-09-16 12:00:00,3.0,1
